id,rating,title,review,nickname,appVersion,lastModified,helpfulViews,totalViews
11876037662,1,背单词优化,背单词界面1添加返回上一个单词选项不然点错了没法修改2每天记的单词能打乱顺序3背单词页面能跳转到单词详情页看到评论方便记忆，都研发背单词功能了可以用心点做吗拜托🥺钱都交了 别再搞一些乱七八糟的花活了把基础设施做好，能做到吧？小moji爱你爱你,娜美那么美aaaaaaaaaaa,8.5.0,1729929079000,0,0
11873571315,1,可以版本回退吗？,新版官方标日单词表比之前的词汇量还要少，而且以前收藏的词单全消失了。这次更新到底是谁搞的？能不能版本回退？,千山丨暮雪,8.5.0,1729870242000,0,0
11883194372,1,客服差劲,问个问题排队半天我忍了，问题问了没两句话，也没解决问题就直接消失不理人了。日本工匠精神你们学的是真的好啊。,CierceZ,8.5.1,1730086843000,0,0
3571276135,1,更新后超级不爽,首先升级后登录的账号没有了，各种登录都没用总是提示账号或密码错误，账号密码都没问题，然后我试了试找回密码，更是没用卵用，根本不会往邮箱里发信息，试了几十遍，都登录不上去，最后试了注册账号，结果我的账号密码注册了之后证实我之前输入的没错，连名字都是一样的，也是升级版的VIP、可是，我之前储存的大量有用单词却都没有了，什么破玩意，以前一直很喜欢这个软件，这几天真的是伤心死，别的不心疼，我心疼我的收藏里的内容,宇夕佳佳,5.0.0,1545744502000,0,0
6793997933,1,更新之后默认把开通会员的选项放在最前面 牛的,搞不懂怎么好意思把预测放在会员第一个卖点 明明比起意译优先查找汉字怎么就敢吹自己的预测呢 还有那个装模作样的广告净化 真想净化可以向苹果备案一下直接一刀切 别走视频软件的路子,mmmengying,6.6.0,1608951208000,1,1
2522132302,1,越来越差的软件,因为想要有收藏功能还买了收费版的，但是最近收藏的单词都莫名消失了，标签上的笔记也不见了，用了这个软件好几个月了，软件本身存在发音不标准问题！汉字和假名注音不匹配问题！因为用惯也就容忍着，现在连收藏功能都变差了！好多不收费的软件都有收藏测试的功能，所以对你只能是差评了再见,这罪名判处无期徒刑,2.4.1,1525833354000,0,0
5555013332,1,价格不合理,收藏词语都开始搞收费了，明明只是一个字典。。。想盈利可以理解，但是你一上来就25元收费也太过分了点吧？对于一些人来说，这个软件的大部分作用就是查单词而已，其他功能根本没用。希望价格合理点。如果想要收费那么贵，不如就和背单词的程序结合在一呗，根据记忆曲线安排好每日背诵的量，实现每日打卡。,禾禾禾禾禾壳,6.0.7,1582175983000,0,0
1464747350,1,发音错误很多，广告推送太频繁,发音与内容不一致的情况很常见，释义的错误情况也很多，比如没有中文释义，所有释义都挤进词性里面。想认真学习日语的话不要用这个，已经换成有版权的词典了。另外，最近广告推送开始增多，已经购买了内购，仍然每天不断的推送开发商的广告，无法关掉，让人心烦。,苦蔫,1.4.0,1476168525000,0,0
5460393704,1,辣鸡 千万别更新,更新前也不提示用户备份好搜索记录收藏数据，结果一更新以前的搜索记录全没了，收藏还要移植什么花里胡哨的界面恶心死了，现在单词搜索后都不能自动加入收藏夹还要手动点好几层菜单真特么烦啊,1293kan,6.0.1,1580260836000,1,1
5773324448,1,更新的版本真的不顺手,"以前直接回车就可以到搜索页面了，现在还要点网页在搜索，而且想回到单词又还要再按单词。
本来平时查单词就是很匆忙的情况现在改了太不方便了。
还有更新的时候一下子就把收藏的都给我整没了，以前好好的好多单词都没有了！
而且现在下拉的收藏一点都不方便。
真心不要发现和测试单词的专门界面，自己一个人静静的查字典不好么。",PK你好多哦,6.0.10,1586219194000,1,1
7142080673,1,新版太难用了,"希望和你们的程序员反应一下，能提供一个退回原来版本的选项。首先我之前收藏的词都没了，其次输入词查询第二个词的时候之前会自动删除第一个词，现在还得手动删除，然后崩溃率也很高……哭了啊

服了，我买过会员现在更新又要会员？不买词都不能查？你们是不是老板买基金亏惨了",澜沧江6982,6.7.1,1616658827000,3,3
7122587109,1,这几年软件体验越来越差,花里胡哨的东西不断增加，辞典软件要变社交软件吗？请增加设定能不显示热搜、不显示他人图标等所有和搜索无关的内容，并还原搜索框为空时显示历史搜索记录且直接显示读音等内容！,mmqmxsg,6.7.1,1616212679000,2,2
5538979510,1,更新成这样开发者们你们是认真的吗？,用了MOJI好几年了吧，几乎每天都在用，因为要学习日语才是下载这个软件。这次的更新我可以理解开发者的心情，它们也许需要盈利，但作为一个粉丝，我由衷的希望不要牺牲原来产品应有的便捷性搞得花里胡哨的。,卓沾臆,6.0.7,1581857944000,0,0
5545383019,1,更新之后经常莫名其妙闪退,界面太白看的刺眼，但是没关系个人喜好不同也有人喜欢。这个软件打从学日语开始就在用还推荐给了多位好友。但是更新后查单词经常闪退不说，删除单词也很麻烦。望改进。,异育银鲫可口可乐了,6.0.7,1581981685000,0,0
3507199609,1,希望快增加繁體中文並增加關閉提示,"你們開發的另外一款軟件已經適配了繁體中文。
這款辭書我身邊很多朋友在用，應該這個銷量最高吧？為何這款不首先支持繁中呢？
再希望增加：關閉升級提示！真的是很流氓，我付費了，不想更新也不信，雖然可以用，但是一直提示我更新真的好煩！",电话大喝一声,4.4.0,1544265185000,0,0
5534000109,1,升级后直接打算卸载了,"升级之后收藏夹和之前保留的历史记录全都被删除，移植数据可以恢复收藏夹，开通告诉我需要25元。
更新前有个提醒的话可能更贴心。
过去，在花里胡哨不实用的功能过多的应用中，作为单纯的查询工具十分优秀。
现在，升级后用户体验极差。
找寻新的查询工具代替。",我就说说你爱听不听,6.0.7,1581763575000,1,1
5433079228,1,更新之后很难用,求求了就直接恢复到更新前的版本就行了……更新后真的难用到我没办法查词了，类似搜索功能好像也没了，想查不认识的日语单词的发音，输中文汉字进去居然出不来结果，那我还怎么查啊……,Suing619,6.0.0,1579660707000,0,0
8101671401,1,体验感极差！,太难用了！！只是想背单词看到推荐这个就下了，结果不管点开哪个功能都提示要解锁会员，不是不可以充钱，但我体都没体验功能都不清楚就要充会员，吃相也太难看了！！别人再怎么吹得天花乱坠都差评！！花里胡哨的重点都没搞清楚，浪费我时间和流量下载！用户体验太差了！,百度云是个垃圾玩意儿！！,6.13.1,1638805581000,0,0
6968496777,1,越来越不好用,这个软件用了三年多。以前觉得很方便很好用。然而现在不管查什么必须都会跳出让解锁收费的页面。非常不方便。准备换一个软件了,家里lkk,6.6.0,1612771465000,1,1
5453472077,1,这更新了个寂寞，还我旧版本,难用的亚批，原来输中文简体字就能跳出来对应的日文，现在根本不行，必须输日文才查的到，我要是知道发音还来查个毛线。赶紧恢复正常吧,还看路途句ti,6.0.1,1580098923000,0,0
5433768441,1,新版本啥玩意啊……,新版本真的太多乱七八糟的功能了……数据移植这块也没有完全做好，我搜索记录全没了，背词任务进度也完全被打乱，更重要的是以前最大的优点启动快不杀后台现在完完全全反过来了...不要更，真的不要更,Grimme05,6.0.0,1579676909000,0,0
11400534110,1,背单词没发音也没文字，什么都没有,以前一直用这个背日语、可以设置自己想要的模式。最近这三次更新反而越来越烂了，发音和中文突然消失，屏幕除了选项外漆黑一片。更新了三个版本也一直没修好。早知道今年就不更新了,苏挽时,8.2.7,1718835194000,1,1
5594823206,1,新版本,新版本真的好差！以前很方便，很简洁，现在都是什么乱七八糟的功能，本来就是一款简单的查词工具，现在查词费好长时间，有的还查不到，以前支持中日双语自由查询，现在不知道是什么情况，查不出来，好怀念以前的版本，为什么要更新啊！,小雨的小鱼是咸鱼,6.0.7,1582947922000,1,1
5437224857,1,更新之后启动时间明显变长,11打开起码慢了三四秒 而且界面越来越靠近沪江的那个小D了 太花里胡哨脱离词典本心了。现在班里大片同学都在吐槽这个不准备继续使用了。,ゴハロ,6.0.0,1579751585000,1,1
2605864685,1,单词发音时有时无,这是我第一次写软件评论，身边有人推荐了这软件本来抱着很大的希望，结果十次查词五六次都在转圈放不出声音 每次我都要退出再用沪江小D查 真麻烦 果断卸载,hi miss,3.0.2,1527480100000,0,0
1644703698,1,购买专业版之后下载界面加载不出来,为什么加载不出来啊？我现在正好在最需要学习日语的时候，这个专业版买了有什么用啊？,東京タワーの下の子,1.6.1,1497497812000,0,0
5429739885,1,太后悔升级最新办了，本地收藏夹全没了,用这个软件主要就想分门别类的收藏一下单词，没想到升级完最新版本地收藏夹全没了，界面也没有上一版简洁，没升级的谨慎吧。,哈哈尤其楼也嗯,6.0.0,1579583864000,0,0
9189655136,1,吃相太难看,刚开始功能多，又是手写，又是听力，还有频道，开个会员。用一段时间然后把这些功能全砍掉，查词里面有些词必须开其他会员才能用，一想没多少钱就开了，然后再用一段时间故意给报个查词前方有遮罩的bug，必须卸载重装，装完之前的手写开始收费了，玩呢？一步一步的把所有功能都变成收费，咋不查一个词收一次费呢？这么难看的吃相。,m7in,6.23.0,1665904229000,0,0
5433876153,1,更新之后反而变得很乱,更新之后界面变得很乱，本来是查单词莫名其妙出来一些没必要的东西。并且本机的收藏都没有了,如果要起名字就起长一点反正也没人知道我是谁,6.0.0,1579679580000,0,0
11078630079,1,吐槽,能不能别在更新了，越更新越不好用，我也是服了。一直吐槽的我都累了，这次又取消了本来可以查看已收场单词本来收藏在哪个文件组里面的，好家伙，这次直接看不到了，无语了，本来想通过设置两个文件组，把之前收藏的单词二次复习后移到另外一个文件组里去的，现在直接看不到了。真搞人心态，服了，能不能恢复回去？拜托求求你了，别在更新了,……我、,8.1.0,1711247471000,0,0
5433434206,1,千万别更新！！！,新版本直接把之前的历史记录给清除了，界面也无比繁琐，直接打开界面居然不是查词，而是意义不明的发现。真的希望可以返回旧版本,豚らめん,6.0.0,1579668493000,0,0
8288893924,1,糟糕的使用感,更新过后广告变多了，查词功能没有以前专一简洁顺手了，而且本地收藏的数据全清空无法同步，大改特改的更新真的是手感退步，还让人后悔买了会员。,橘绿,6.15.0,1643297788000,0,0
9143930723,1,不开会员就完全不许使用了是吗？,你们为什么敢让所有用户都必须要开会员才能够体验你身为一个辞書软件最基本的查词功能？不开会员一个词都查不了？你们怎么敢的呀！,Amnnesiaaa,6.23.0,1664723379000,0,0
2606723079,1,能不能不要推送更新？,为何每次切换到软件界面都会推送更新？你们每天更新是不容易，但我们更不更新是我们说了算，你天天逼着我们更新又有什么意义？光昨天一天就更新了两次，简直太影响使用了，希望尽快取消！！！,让不让人发表了？！…,3.0.0,1527495499000,0,0
9622042535,1,会员服务存在Bug  没有客服电话,越来越多的内容需要会员才能使用了不说，结果买了会员服务，权益还是无法使用，找不到软件客服电话，联系苹果退款处理结果被驳回，四个多月了才找到软件客服，结果中间四个月无法使用的会员权益就直接自己承担损失，任何一方都不承担责任。太失望了，再不推荐此软件！,-潇潇,6.29.1,1676518444000,0,0
10440613876,1,更新之后背词改的乱七八糟,本来之前没更新的时候选项的释义就只能看见那么几个看不全 更新之后只能看到一种释义了 不知道开发人是怎么想的 背词功能背语法的时候只能看见第一行,shjkals,7.3.0,1696494146000,0,0
8501181698,1,改版之后很不好用,以前的“发现”板块全被取消了，变成了一个只能查词的字典，看不出来你们家和别的字典比还有什么突出优点。Pro会员不是每个人都需要的，而我基础版会员购买的服务现在被削减成这样，必须给差评！！！,我的昵称你敢用打死你,6.17.1,1648382767000,0,0
5450930001,1,感到很失望 希望后续有解决方案,今天按了更新后 之前收藏的，我一个一个自己查的单词全部丢失 数据移植后也没有作用。感到很失望……后续如果没有解决方案只能弃用了，在此提醒大家更新前一定要注意先看看评论....唉....,kirishima hana,6.0.1,1580044507000,0,0
9735367675,1,一个词典软件如果连这一项都要会员那我无话可说,好几年前就在用了 一直没更新 今天更新完发现查单词最基础的功能都要会员 告辞,98747237,6.30.0,1679370027000,0,0
9552613069,1,连查词语都变得如此困难！垃圾！！！,改版改的什么东西？策划是不是不太正常？改版之前明明就很好，本以为改版之后查词语会更容易，没想到越改越差！想钱想疯了吧你？这种实用性软件也不断地弹出一些广告和文章，使用体验真的极差！真不知道4.8的评分哪里来的！,想不出名字的粲哥,6.28.2,1674824830000,0,0
5481127346,1,更新后是什么东西啊,无语了 用它为他付费为他五星好评就是因为界面简洁大方功能实用 现在变成啥了啊 太失望了,mafu家的小女友,v6.0.3,1580699307000,0,0
5438398387,1,倒退式更新,账号不自动转移登入新版本也就算了，点忘记密码这可好，我email一个小时一封邮件没有收到。呵，想必这功能就没有吧。我都不想亲自看你网站这段代码是否是有效的还是只是个空按钮🔘。,Kevin.H.T,6.0.0,1579779651000,0,0
7088954953,1,还没修复的bug,"复习中的已掌握单词无法同步；
已经完成的单词任务有时候在开始新任务的时候会显示未完成，继续进行会显示最后一个单词的问题；
剩余词汇不会实时更新，必须要完成一个任务后才更新。
没修复前继续一星。",亨斯华,6.7.1,1615427265000,1,1
7052978536,1,差评,不知道为什么原来的账号登录不了了，导致我买的会员也打水漂了希望能解决一下,wdmymhk,6.7.0,1614608544000,1,1
6891130450,1,不能试用,付费内容没有一点是试用的，不付费的内容可以说几乎没有，话说你至少让我们体验一天也可以啊，完全没有体验，就直接让付费也太坑了吧,不素追记,6.6.0,1611123656000,1,1
3590525943,1,更新后收藏的功能不能用了,我要被气死 用这个软件已经很久了 之前复习n2每次查单词都收藏好 方便背 这次更新后 不仅账号登不上去 连收藏的功能也变成了pro才可以用的 我之前那几千个单词一下子全没了 想骂人,ycyrxutcf,5.1.0,1546154223000,0,0
7096546936,1,没有那么好用,刚刚注册还没用过就一直跳框要求充会员，充完之后完全搞不明白怎么用,是林北啊,6.7.1,1615604860000,2,2
5639286454,1,不知道加了什么东西,更新6后打开速度慢了一倍，你们英词在我这还是老版本秒开，你这个就要等一会，不知道你们加了什么东西，我的收藏词还都没了，这就是你们对待会员的态度？嗯？？,百度法克鱿,6.0.8,1583805196000,1,1
5478982713,1,升级以后太垃圾！,以前的搜索记录要买会员才可以找回来，画面也变复杂了一点都不简易，好差劲噢,，，，，，，，，，F风,v6.0.3,1580652915000,0,0
5437778667,1,超级不好用,启动速度慢 之前用这个软件就是因为便捷现在搞这些花里胡哨的不好差评,nsjsbdnsj,6.0.0,1579765544000,0,0
3578127148,1,闪退,更新了之后一直闪退 还有之前收藏的单词也都不见了。之前一直都没有登过什么账号，突然要登账号是为什么,（；）¥，,5.0.0,1545886866000,0,0
3392539326,1,新版本测试的时候听读单词总是重复,听单词选词意总是听到重复的单词，我同事开听发音选词意和看词意拼写单词就出问题，经常读重复的单词！,Brooke.Lee,4.2.0,1541632793000,0,0
2083375670,1,读音错误太多了,买了升级版才发现，读音错误基本查3、5个词就出现一个，出现概率太高了吧。怀疑这么多好评是刷出来的，更不要说很多平常的词汇都查不到，只有互联网查，出来的页面也莫名其妙。,fgfsagkiydd,2.1.1,1515809269000,0,0
7715143304,1,广告,？点个东西广告就出来了，给我气炸了随便看个东西都要花钱，不是我觉得贵，而是我还没有使用你的软件，让我知道值不值，你就一直给我推荐，一直弹出来真的很烦，我下了很久了，刚才才打开准备试一下，但是真的给我整烦了，我直接就删了，很无语真的,菅田玖奈,6.9.1,1629477105000,0,0
8868034235,1,会员,之前买断的会员不算了？我搞不懂，之前还好好的，现在重新用起来发现查的个单词都需要会员，收费也应该要合理吧。感觉这个软件大概率以后也要吃灰了,李Stephanie,6.19.1,1657675889000,0,0
5432415893,1,更新之后账号登陆不了 界面复杂 无法提交反馈,很生气 很浪费时间 又下不到以前的版本 明明好用的软件突然变得鸡肋 使用价值大幅降低 希望尽快改进升级后的ｂｕｇ。拜托 谢谢 !,TakunHole,6.0.0,1579644889000,0,0
10715814872,1,笑死，吃相更难看了,"自己打的词如果是vip，这次直接涂白屏蔽了，还以为我网卡了，多了后才发现原来是吃相更难看了😅都不是什么生僻专业词汇，我百度谷歌一样能查到，甚至查的更贴近日语环境里的意思，为什么moji就这么高贵需要vip。
而且好多词根本就不贴近语境，打的汉字词语它优先关联相近的汉字日语词语，但明明有更地道的词。还不如直接谷歌搜词➕とは，或者gpt，翻译的更好更快",へへEden,7.5.5,1702966543000,0,0
9627545633,1,很垃圾,一定要联网才能收藏单词，三天两头软件更新，收藏的单词就没有了，我就想离线使用不行么？一直要联网的话我还不如用免费的谷歌翻译,花咲蜀黍,6.29.1,1676660040000,0,0
5636947154,1,因为你我关掉了手机的自动更新,"突然就自动更新了
账号密码都忘记了，登不回去了。更可气的是我自己创建的词条和单词本也没了。
我还是用卡西欧词典吧",债见新浪88888,6.0.8,1583756432000,1,1
5475172775,1,更新完了以后比没更新差了一亿倍,更新完了以后我收藏过的单词全被你ma吃了？多那么多花里胡哨的东西脑子是进水了吗？零分,葉か,6.0.2,1580574725000,0,0
1427781755,1,同步后收藏全部消失,升级后莫名其妙被云端icloud同步，把我在ipad上只收藏了几个单词的收藏夹同步到我手机上。导致手机上积累了近一年的仔细分类好的收藏夹被覆盖，现在已经全部消失。无法形容我现在的心情,概念与阿龙,1.4.0,1470466914000,0,0
6828596287,1,"导出为PDF功能 中 ""全选""有BUG","如标题，即使选择了全选，也只能导出当中的几页，部分单词并没有被导出。全选功能按钮有bug

感谢程序员回复了问题，但是我觉得问题没有得到根本解决呀，既然功能名称叫全选，为啥还要手动往下拉等全部加载才能导出，有的项目几千个词汇呢，加载都要好久呢",来啦头咯魔女,6.5.0,1609737208000,1,1
9559086260,1,层层收费,已经买了终身会员，又要高级会员，本来一个软件能看的东西，现在分成三个软件，每个都终身会员，高级会员，词书，试卷的单独收费，爱奇艺都没你会收费。那我买终身会员时享受到的服务缩水了怎么办？想你现在这样我当时也不会开你这会员。,茶壶滚开,6.28.2,1674974815000,0,0
9267468326,1,不足的地方,"1、收藏的词移入新建的文件夹，顺序全部乱掉，用手动排序，该功能总是无法正常使用，需要卸妆软件重新下载才能用……
2、很多单词发音错误，并且在例句里面的假名也是错的，分享链接给微信客服修改，很多也没有改正确……",Anki备忘录—少说空话 多做实事,6.25.0,1667901124000,0,0
9326536274,1,新版本很难用,新出版本非常难用，设计得很反人类，为什么取消了底部导航键？？而且打字时搜索页面全白了，得下滑才能看见词，真的很不方便！！！有没有人告诉我怎么下回以前的版本？要不然我只能换软件了😭😭,我想静静想我想静静,6.26.0,1669370070000,0,0
6626366790,1,更新以后收藏没了怎么回事啊,之前做题把自己没记住的单词弄了个收藏夹打算复习用，一更新全没了，怎么回事啊,懒灵头,6.5.0,1604937657000,1,1
6393236090,1,重新登陆？之前的账号呢？,好像最近自动更新了，叫我重新登陆，也没注意，直接微信关联了，结果要重新买会员！？恢复购买说是已被占用，说明不是这个账号，结果找不到在哪里退出账号！！？？怎么这么弱智的设计？找到隔注销账号，还说要人工审核，无语😓,Kitsuchi_CY,6.3.0,1599200012000,1,1
6131788075,1,打开就跳出广告无法直接查词,"还不如放在页面上或页面下
一打开应用就跳出能力考的广告 还要关掉才能查词也是糟心",clampxxxholictubasa,6.1.2,1593346991000,1,1
5464843327,1,新版本实属臃肿多余,以前简简单单界面简洁不好吗？喜欢这个软件就是因为简单明了 更新之后变成有道词典了？,misakachyan,6.0.2,1580363043000,0,0
8140054722,1,不要更新 本来可以查的词汇变成高级会员才能看了,为什么？一些地理词汇本来可以看，我买了终生会员，你现在又把它们列入续费的高级会员，那我为什么要更新？更新完可以看的词反而变少了，不能接受,匿名用户想写评论,6.14.1,1639758034000,0,0
4862454142,1,其实不算差,但是我不想每一天都会看到信息提示小红点,aschybf,5.4.0,1569802170000,0,0
9275701968,1,有点无语,本来感觉挺好用的，也有个普通会员，从安卓转过来，用翻译功能，一下给我整不会了，翻译完平假名的音标都没了，改收费了。真会玩啊，一个辞典其他功能额外收费就算了，翻译还搞这个，普通会员都不够了，真是不要个脸了,Ning可,6.25.0,1668110599000,0,0
5449525788,1,现在的moji感觉不如以前了,我也明白制作者需要恰饭，也理解。但是moji现在已经不是以前那个下面一个小船飘啊飘的查词软件了。查词软件最重要的功能是查词，但是现在打开的第一界面不是查词，是一堆花里胡哨的东西。真的很失望。,祭月Luka,6.0.1,1580013816000,0,0
5431672109,1,新版本导致数据丢失,真的，太生气了。更新不好你别更新就是了。界面变复杂了。之前的收藏数据也没有了。然后动不动数据异常，而且我搜不到自己之前的共享内容。ipad和手机也不能同步。太太太太太麻烦了。,哈哈啦啦啦啦了啦,6.0.0,1579627176000,0,0
7619390491,1,难用…,"付费后查词还要继续订阅，这个在最前面也没说清楚。
新闻里标注的一些读法也是错误的。
发现页的交互也设计得反人类。头一回给这么低的评价。还是付费以后的…",大和田なーにゃ,6.9.1,1627291412000,1,1
6005481419,1,气死我了！,我明明是注册登录的账号去买会员的 结果显示的是我退出登陆后才变成会员 那我买了这个会员有什么用 用这个软件收藏做笔记都先得登陆啊！登陆后我就又不是会员了！这我不是白买吗！,结核杆菌九宫格,6.1.1,1590681017000,1,1
6790087464,1,每次查词第一个蹦出来的都是pro升级按钮，极其麻烦！！！,一直都用这个软件学日语查词，都觉得挺好的，但发现最近改版之后每次查词第一个蹦出来的都是那个pro升级提醒，每次都是，及其影响使用体验。这种瞄准用户使用习惯搞推送的真的很烦，升不升级pro版本用户应该有选择权吧？你现在每次查词都给我放第一个，不升级是真的烦！！！,白日伊藤天,6.6.0,1608856879000,1,1
5485623572,1,改版了难用了,"改版了这么多变得太难用了……我还花了25块钱买了那个可以测试答题的，我服了，根本用不了，不但要自己设置答题，而且一设置就说什么我文件夹里单词太多了，我文件夹里就500个单词，这就多了？？？？
总之就是用不了，之前老版花的钱现在还要重新付费，我服了",甜甜兔丝姬,6.0.5,1580795660000,0,0
7814845016,1,能不能把验证码修复一下,我账号本来就只收到了两次验证码，再摁不给发了，第二天再摁说我频繁了？我只收到两次验证码，很频繁吗？而且客服的回复也并没什么用啊，能不能实际给解决下问题？白充高级会员。,Ju12138,6.10.0,1631870270000,0,0
5679946606,1,搜索引擎太差,就想搜一下一个简单的动词 根本找不到 全是乱七八糟的什么惯用语 你自己试试搜出或者来这个字 出来的是でる くる这种最基本的动词吗？包括其他词搜索也是 根本找不到 更新之后感觉太差,silver_Coke,6.0.8,1584585851000,1,1
8050284046,1,从来没想到moji是这么厌女的软件,只是因为在b站视频底下发了一条评论，不要把女生大腿当作封面，竟然被删评和拉黑？你有没有想过你的这些用户有多少是女性？用了三年，没想到在这种地方被恶心到，不尊重女性的软件迟早要完。,我是我见过的最可爱的人,6.13.0,1637564187000,0,1
2600776067,1,最近的几次更新每次都是推送单词打开就卡死闪退,最近的几次更新每次都是推送单词打开就卡死闪退,莫言坎坷,3.0.0,1527381559000,0,0
5435092875,1,啥软件都想弄社交弄热点,这次更新之后真是太难用了，我只想查单词，现在还要看首页推送,南匛,6.0.0,1579704206000,0,0
5961555307,1,投诉,差评，每次更新后以前交过的费用都作废了，收藏的东西都没有了，要想收藏还得开通会员，每次都说是永久会员，但每次更新都作废了，版本越来越不好了,稍等れ,6.1.1,1589813750000,1,1
5738543493,1,数据同步做的很糟糕,升级后原来的收藏夹全部没有了。客服解释说是原来版本过低？？我真的一脸黑人问号❓,エンAnn,6.0.9,1585622669000,1,1
5436942314,1,手写闪退 搜索记录变成别人的 不想要发现功能,一手写绝对闪退 搜索记录变成别人的 不想要发现功能 变得臃肿了不少 以前版本还回来啊😡,谨渡,6.0.0,1579745268000,0,0
5436668477,1,彻头彻尾的垃圾,本来就是因为简洁的词典才下载的，也愿意付费，更新后增加了一堆污染眼球的垃圾功能，而且不能关闭也不能回退原版本，那只能1分卸载走好不送了,拒绝垃圾社交软件从我做起,6.0.0,1579738997000,1,1
7056367734,1,单词发音,我买了会员但是搜索出来的单词想要听发音，听不了怎么点都没有用,王大喜儿,6.7.0,1614686682000,1,1
3311357881,1,段落翻译的时候，不能直接粘贴,百度翻译的时候，不能进行段落直接粘贴过来的翻译，原来还可以的，升级之后就不行了。是我使用有问题么？还是版本本身的问题？,乖狗子,4.1.0,1539764515000,0,0
9743612870,1,吃相很难看,"很多年前买断了软件
现在突然升级取消了手写查询
变成了包月会员
挺好的一个软件 现在要卸载了",想学好英语的土豆,6.30.0,1679583922000,0,0
5563966303,1,升级后本地收藏的单词都没了,之前是因为界面好看才买的，现在也改了。,dandananddada,6.0.7,1582351294000,0,0
7058694837,1,...,大哥，我之前花了25块钱买了别的功能，换了一个新手机之后说我登录的账户不是原来的那个，所以25块钱的功能我不能用。于是我想重新再买一次也不行，找了半天也没有找到你们的联系方式,世界第三帅,6.7.0,1614738897000,1,1
5450563602,1,神仙更新,同步数据根本没有用，两年来整理的几千个词汇付之一炬,夏目蓝521,6.0.1,1580037589000,0,0
8411578952,1,更新之后反而没有以前好用了！,收藏、笔记、词组这些要vip才能看可以理解，现在有些单词都只有vip才能查看是不是太过分了？而且是升级之后才出现的这个问题，以前是vip能查看的内容更多，现在好多单词头两个释义都直接是空白的…干脆变成买断制好了😅,毗陵笑笑生,6.16.0,1646207975000,1,1
9142750825,1,现在想查的单词全都要会员了！,以前的词典最起码查词的时候还有释义不要会员的，现在想要查自己想查的词就必须要买会员才能看到全部释义，这营利性太强了吧……,Is Jane,6.23.0,1664698371000,0,0
5430167896,1,希望有版本回退,这次的更新从用户体验上太不友好了，启动速度慢、查单词要多点一下tab页，从前的查词记录也都没了！,teru11u,6.0.0,1579595114000,0,0
5452825577,1,改完真把自己独特性改没了,之前收藏的单词在云端也没了,1243884¥8:,6.0.1,1580084049000,0,0
5449537254,1,恶劣更新,原有优点毫无保留：界面杂乱，备份要等待。为什么我更新以后一个文件夹里的单词全没了？,日语学习狗,6.0.1,1580014089000,0,0
5494234881,1,垃圾，根本不如上一个版本好用,以前的版本，输入中文大多还能直接找到对应的日本词汇，现在的版本全部删了，除了界面干净，一无是处。,六寒,6.0.5,1580976872000,2,2
3591772011,1,更新后不能登录,密码错误，点忘记密码也不发邮件到邮箱。之前还内购了，现在用不了，收藏的词条也不能看了,神音沙汰,5.1.0,1546179289000,0,0
5482128399,1,变得花里胡哨,那么多词典就因为，简洁合理方便才用的。现在变得花里胡哨，问题也这么多，但愿作者能看到,可不是嘛好啊,6.0.4,1580720830000,0,0
5435287987,1,千万别更新,"一直用到现在，就是因为内容简单 只有字典 启动快。
新版本加了大量垃圾东西 变成咨询 社交",不笑的喵,6.0.0,1579707781000,1,1
9263091304,1,例句功能没有了 卸载了,"例句功能现在检索出来的已经不是例句了 全是词语 客服还说这是为了界面的优化 调整了显示的数量 

可事实上根本没有例句了啊

拿这个软件留着干什么 越做越差",维若有因,6.25.0,1667783086000,0,0
5685281849,1,反应迟钝,查第二个单词时仍然出现第一个单词的意思，好奇怪。得打两遍单词，我也是很无语了，免费的软件都不会出现这种问题，为什么这个收费的还这么面倒くさい。,Emma许baby,6.0.8,1584680501000,1,1
4788886875,1,pad登陆不上，手机备份不了,希望开发者能看到我的评论赶紧回复一下，毕竟都买了专业版 钱不能白花,你是怎么做到呵呵呵呵呵呵呵呵,5.4.0,1568604146000,0,0
10310403813,1,挺垃圾的说实话,没用过哪个软件只能登一个设备，cctalk都能登两个，你怕别人不充会员你就实行绑定账号，只能登一个账号真的很麻烦，平板手机有时候会一起用，哪个顺手用哪个，一路涨价不说还出了个pro版本，买断的人真的糟心，吃相真的太难看了,小猫扛大锤,7.1.1,1693275737000,0,0
9057202939,1,个性化内容推荐关不掉,多少有点无语…基础会员我买了，高级会员也买了两年，结果一个“个性化内容推荐”竟然关不掉？！关了之后再点开设置发现又是开着的，到期之后我是真的不想再续了，越用越不顺手。,Sherry_W_,6.21.0,1662449336000,0,0
5476509126,1,垃圾新版,收藏数据迁移失败 发了邮件没有下文 每次查词自动跳到网页 查不到内置词库的词 作为词典很不合格,卿云善,v6.0.3,1580604756000,0,0
3566641192,1,之前购买的就消失了吗？,推出用户系统后，之前的付费就一笔勾销？我的收藏记录都消失了，还要重新再注册，再付费 ，再收藏吗？怕是失了志了！,HZOE101,5.0.0,1545646036000,0,0
5440788302,1,收藏的单词全部消失,为什么要求更新 更新完 单词没有了 发了两封邮件也不会,张征收,6.0.0,1579830398000,0,0
11215249071,1,烂,背词都要收费，他甚至都不肯让用户体验一下直接上来要钱，牛，充了钱使用体验也极差，你们开发者是不是自己不用？优化做的依托，不会再充钱了,xnjdugejsjs,8.2.0,1714446337000,0,0
8154331669,1,自建词库质量堪忧,你们非要玩自建词库，可以理解。但是，你就不能提供一个开关，让我可以选择屏蔽掉自建词库？很多自建词库的质量并不咋滴，而且产生大量重复词条。我是来学日语的，还是来纠错的？脑回路真是异于常人。,みやじょ6398,6.14.2,1640109937000,1,1
6732418674,1,广告太多,真心给开发者一个建议，不要点什么都跳到会员购买的界面，下载下来什么都没体验到，一个劲让人买会员，25终生怎么了？垃圾软件拜拜,长谷川健力宝,6.5.0,1607477608000,1,1
5440287519,1,好好的词典可惜了,新版本改的好乱，而且还不支持数据自动移植，还需要申请？搞笑了，另外数据移植还有大bug，文件夹的内容全丢了。就这么对待购买的用户吗？？？,kankouhin,6.0.0,1579818260000,0,0
7247331441,1,不会再用了,作为一个用了5年的老用户，一开始就买了会员。更新后突然多了一个词库拓展？？居然还是包月的，吃相太难看了。好好一个良心软件，不知道为什么要走这种坑钱路线。,神宫秋人,6.7.1,1619013904000,2,3
8899167453,1,很多内容要钱对学生党不友好！,里面没有什么可以用的，全都需要钱才能用，背单词，听音频，收藏什么的都需要钱，但是作为学生党真的没有钱😭,pksjwjhb,6.19.1,1658470559000,1,2
5457159845,1,。,各位开发人员最需要明白的是moji最吸引人的就是简洁方便这一点，现在搞成这个复杂得一比的样子还不如沪江,732762773,6.0.1,1580185277000,0,0
11018261980,1,购买了会员背单词，结果单词显示不出来,为了使用背单词功能开了会员，结果背单词界面有bug，单词无法显示，我开了会员才知道你这个功能用不了，但是我开会员就是为了用这个功能，你们这样是不是不太好呢？,fleoish,7.6.6,1709821810000,0,0
7004435572,1,关于pro会员,买了pro会员还要包年买附加词汇包，吃相有点难看了，这些附加功能难道不应该包含在pro会员里面吗，需要长期付费真的是没啥意思了，还不如出不同的等级永久会员、来区分词汇包的购买、总之长期付费不合适,kumamon119,6.7.0,1613550924000,1,1
7153617497,1,吃相难看,软件收费能理解，但是在原有会员的基础上又搞了个包年制的？不充词都查不全？仗着你一家独大猛薅😅😅吃相未免难看了点吧,micooomicooo,6.7.1,1616914578000,3,3
9271316948,1,背完单词后的收藏功能,任务的错词列表并不能很好的反馈出实际情况，一个我已经能记住的词，在我多次答对的情况下，还是不会到100%的掌握率，就因为我之前错过！,硎栎薇,6.25.0,1667999789000,0,0
7017422377,1,没注册冲会员 功能无法使用,没注册买了会员，但是无法使用收藏和测试功能，点开就要我登陆但是一登陆会员就用不了。这是要闹哪样？好吧 我注册后再买一遍总行吧？ 提示已购买过无法再次购买！  有解决办法吗？,狂追阿空少,6.7.0,1613828942000,1,1
6326190973,1,会员出问题,我切换了一次账号，再次切换回来显示已被占用，给客服连发三四天消息都不回。好家伙 一次性会员 真行👍🏿,冲浪女孩,6.2.1,1597585426000,0,0
5454609715,1,千万不要升级！！！,以前不注册不登陆也能正常使用，一升级以前的查询历史记录全没了，说是要注册登录才能恢复回来，注册登录后，才发现要25元才能恢复回来。,西城麦客,6.0.1,1580125963000,0,0
11599676985,1,更新了添加广告吗,垃圾软件！大家千万别更新，每次更新只会收缩免费用户权限并且加入更多的页面广告,fhilar,8.2.13,1723432330000,0,0
11075294458,1,越改越差,笔记和收藏夹都没以前好用了，甚至感觉越来越费劲了，求求更新到去年的版本，不会做软件就不要做了，真的气晕了,为什么为什么我不知道,8.1.0,1711176717000,1,1
5452861144,1,更新完什么都没了,买过的pro还要重新买，就算恢复购买也不成功，更新完查词历史全没了，以前开pro的意义在哪？真的恶心人，好好的一个软件被弄的乱七八糟,取名很难啊知道么！,6.0.1,1580084931000,0,0
7051400773,1,听不到单词发音，也翻译不了句子,去官网看了，把能调试的都调了，还是没有声音，然后今天开始翻译也是空白的,2000121125,6.7.0,1614574756000,1,1
5610063727,1,建议改回原先版本,新出的版本实在不怎么样，搜索单词也慢关键是搜索不到，太慢了，弄得项目挺多但是很卡。,瀚文战士,6.0.7,1583232088000,1,1
6234505068,1,点开就一直闪退,之前用的都挺好的，突然就开始只要一点开就一直闪退，重新下载了好多次都没用，关机重启很多次也没用。哎,りれいかか,6.2.0,1595560021000,1,1
9158793487,1,不充会员无法查词,此软件不充会员已经无法查询基本的词语，已经失去了一款词典的基本功能，已卸载！感谢多年的陪伴！,KKHC1000,6.23.0,1665107472000,0,0
7184791905,1,吃相难看,离谱！词库扩展就离谱！真觉得自己不可替代吗？我拿这个钱去买本电子大辞林买个梯子不比你香多了,做人有点自知之明,6.7.1,1617587106000,3,3
9032826921,1,为什么充值更新完只剩“收藏 🔍 我的”三个页面了，发现和测试完全消失了？没收藏的都看不了了？不知道上哪找了都,什么意思啊 只能搜索功能 客服也是没有人,Knishjh,6.20.2,1661841967000,0,0
7156932868,1,想钱想疯了吧，开通了会员，又让买词包,本来觉得还可以这软件，现在真是不想吐槽，什么都查不到，要查还要开词包会员,溜溜小多多,6.7.1,1616985426000,2,2
2733445261,1,死机&无法听读音 很差,死机&无法听读音 ，一直在缓冲，另外我们家网络很棒，不要跟我找借口。很差 体验真的很差 我花钱不是为了这种垃圾，免费的软件都比你们好 ！,日本语841,3.1.1,1529522241000,0,0
8160868579,1,付费后手写功能没有了,让我很无语，让我在新手机上开通会员，我就是为了用手写搜索功能，结果手写功能直接没有反应，直接无语死我。,再见再见👋👋👋,6.14.2,1640274773000,0,0
5429954303,1,更新之后怎么这么多bug？,"1.原来的数据移植过来 却是别人创建的单词表 自己的没了
2.搜索历史自动添加到收藏里 是取消这个功能还是怎的 为什么找不到了
3.创建收藏夹 右上角的“创建”根本点不动",流利说你为了我变成水兵月好吗？,6.0.0,1579589439000,0,0
9166264797,1,全收费已没必要用了,大一老师推荐后开始用，到现在毕业工作，将近六年，一开始是很好用，但词也不全，然后现在，强制消费，不开你那个b会员，什么都没办法查，卸了，单纯的被恶心到了。,西柚警长,6.23.0,1665301936000,0,0
7265359734,1,666,没太明白刚开始付费之后就可以查的单词现在单独把单词筛选单独出来做付费是什么意思呢？？这营销手段腾讯都不如你，这单独拿出来的单词又有什么意思呢？？,什么🐂🐎,6.8.0,1619426003000,1,1
5896886155,1,单词消失,怎么一升级 之前搜索的单词记录会消失一部分呢,Snake0322,6.1.0,1588500333000,1,1
5481335301,1,刚刚更新 出现闪退,手贱看到一直提示更新 就更了 然后现在进不去了 重新下载之后也是一直闪退,Katherinezyy,6.0.4,1580703777000,0,0
5449717312,1,moji辞书更新了最新版本之后，重大数据丢失事故发生！,"在官方最近推送的更新中，我进行了更新，6.0.1版本。
更新之后，本人将近两年，近万条收藏全部丢失！
联系官方根本没有任何答复！对于moji辞书官方人员的不作为，和对软件更新安全性测试的不彻底，本人表示非常无奈。

再见了moji辞书，这一次你彻底伤了我的心。",这个软件提示必须给5星的评论才让用。,6.0.1,1580018514000,0,0
5452970526,1,更新之后,更新之后，界面混乱，搜索的词条也不保存。因为之前简单的界面才喜欢用的，现在混乱的一比,朴茶茶,6.0.1,1580087697000,0,0
5440680565,1,非常失望的更新,非常难用，各种无用的设定没有任何帮助，好好搞查单词就行了，这种多余的更新简直令人失望，准备弃了。,riitsuhi,6.0.0,1579827943000,0,0
8922175073,1,卡顿,没查几个词，就卡顿一次，要等好久才能重新用，要么就是要退出。麻烦解决一下这个问题吧，不然很影响使用,恩恩；,6.19.1,1659058881000,0,0
6706167283,1,一直让升会员烦不烦,就想了解下这个软件可以怎么学习，看一个东西就跳到买会员，看一个东西就跳到买会员，裂开了我，拜拜卸载了,红红火火恍恍惚惚fff,6.5.0,1606834914000,1,1
5455274283,1,原来的收藏全丢了！,"新界面一塌糊涂。
1. 更新之后重新购买，原来的收藏词汇全丢了
2. 跳转变得复杂，多查几个单词需要一遍一遍返回跳出才能回到原来的界面
3. 原来用实心星号和空心星号区分是否收藏，现在全是空心，根本看不出是否收藏好吗！",kannzume90,6.0.1,1580139319000,0,0
5440622250,1,本来很好用的软件,"为什么点开软件还要调出搜索界面，真的很恶心，词典就好好做词典不好么？
用了这么多年了，这次的更新真的是让人觉得恶心.",生之灵炎,6.0.0,1579826564000,0,0
2594723486,1,每次升级意味着新的bug,我真的佩服团队的技术力量，每次升级都会出现新的bug，我就看看到底要多少次更新才会彻底解决。,蒙版功能希望再加强,3.0.0,1527260985000,0,0
9742607508,1,普通会员功能阉割,没见过更新把原来普通会员功能变成高级会员功能的，原本花钱买完的功能又要继续花钱，吃相太难看了。,听说要评论呀哈哈哈,6.30.0,1679561791000,0,0
3562463732,1,凭什么注销购买？,"我付过款了 那现在更新后输入正确密码邮箱都没用？？？最恶心的是说要发邮件 邮件呢？？？ 
你们吃相要这么难看吗",哀酱酱哀,5.0.0,1545551613000,0,0
10830189483,1,吃相稍微有点难看,基础升级永久会员，那别人又有基础，又有高级会员的人什么补偿都没有。然后说单有高级的有大额优惠券，结果159比原来129又涨价30。搁这反向优惠呢？之前高级每个月还送翻译啥的字数，现在升级永久了，是不是每个月送的也没了，以后想翻译或者润色就要又充钱？,滴诶Wii,7.6.3,1705449360000,0,0
5438539242,1,差评,差评，新版界面花里胡哨，没有老版本简洁。关键是，我之前的自创句记录啥都没了,xx还是y,6.0.0,1579782391000,0,0
8766626906,1,网页搜索,以前直接是用雅虎日本网页搜索，不知道为什么变成了百度，百度能搜索出来啥？谐音嘛？真是搞笑,UID3043377,6.18.1,1655038458000,0,0
7529877354,1,挺长时间没登，账号没了,我也不清楚是否有长时间不登自动注销这个条款，之前还花过钱买词汇，好在不多，及时止损吧。,寒泉流,6.9.0,1625211488000,0,0
6302294812,1,越改越差,能不能之前把背单词功能里每个单词的得分统计弄回来,MarvinLoyy,6.2.1,1597062748000,1,1
10850257005,1,无法恢复会员,永久会员一直涨价，以前98买的永久会员换个手机就不能恢复了，不推荐购买会员，大概查查就行，特别是永久会员，绝对不要购买，你只不准什么时候就莫名其妙恢复不了了,dhjejdm,7.6.3,1705909865000,0,0
1949114072,1,总是弹出攥写评论,关也关不了 而且对话框挡住了按钮 每次弹出都无法使用 实在不好意思 差评,xBader,2.0.0,1511661120000,0,0
1753972155,1,应用是很好,但是每次打开都要求给评价，而且取消的按键还被键盘挡住，开发者真聪明，呵呵。,羽木朔,1.7.3,1503839309000,0,0
10726337039,1,终身会员骗人的？玩不起就别玩,去年开的终身会员今年就到期了，这终身挺短啊，有一个号多用你就得重新割一波韭菜，吃相多少有点难看，虽然不贵但是恶心,Maoliang_,7.5.5,1703156054000,0,0
9747235524,1,最新版本体验极差,搜索单词，每次都要重新进个页面，真的好麻烦，以前那样就挺好的，为啥要改,DDXcode,6.30.1,1679674109000,0,0
9277301328,1,越更新越难用………,原来还能直接通过输入中文汉字查日语（比如输入“害恶”会出现结果“害悪”），例句也很多。现在真的有点本末倒置了，还是先把词典做好再开发别的功能吧……,BinBNNN,6.25.0,1668155097000,0,0
5824564542,1,实在后悔付费,搜索一个单词出来，发音都没发完整，就变成另一个不相干的单词的发音了。居然有这种奇葩bug，根本没法用,adtqwmjnktwt,6.0.10,1587126328000,1,1
9198992448,1,这个版本不能用,更新完这个版本后出现了一打开就马上闪退,122#,6.24.0,1666146933000,0,0
1934722185,1,最近更新推送出问题了,原来的推送记录没了，昨天推送点进去闪退，今天干脆不推送了，也是可以的。,CyGaaWk,2.0.0,1511179731000,0,0
1657146663,1,更新之后闪退,点下载 选推荐或者最终就闪退,m4king,1.7.0,1498395098000,0,0
12020029097,1,更新别太频繁,"你就一辞典有什么好天天更新的？
每次打开就跳出来个更新通知，点了忽略没过几天又跳出来个新新版本更新。使用体验很差，别更那些有的没的",jeifiwixifiw,8.8.1,1733211262000,0,0
5701510469,1,购买升级后不显示已升级依然不能正常用,不是想吐槽，是真的无语了,心动是你，网易有你,6.0.8,1584972545000,1,1
5557569603,1,买的pro结果改的这么恶心,你自己不想好好做词典早说啊我不买了。搞的这么花里胡哨的恶心谁呢不好好用来查词,游戏已经被卖了,6.0.7,1582223481000,0,0
5431154315,1,千万别升级！,前往别升级！再也不是简单实用的词典了，附加了很多不实用的功能,爱悦、,6.0.0,1579617346000,0,0
7889912995,1,误触购买退款无处受理,反复跳出功能扩展付款项目与订阅服务付款项目，广告影响观感，申请退款无处受理。麻烦处理退款谢谢。,nnn865566,6.11.0,1633657297000,0,0
7751921793,1,恶性销售,本来买了永久会员，以前能看的词现在都要再购买订阅才能看、敢问狗不狗,皮套12138,6.10.0,1630334795000,1,1
6079499659,1,非常不实用！！！！,背单词就别选这个了，没有单词库，只有所谓的收藏夹。自己想要创建新词都麻烦到一b，超级费时间，浪费我25块钱，还不如用纸抄写傻瓜一点实用,他跟我的人要,6.1.2,1592238595000,1,1
4946468151,1,更新后之前买的pro失效了,以前微信购买的pro版本 很久了也不记得要注册邮箱 现在更新后让登陆钱没了就算了 之前的收藏也不能同步了！,shsjskdlm,5.4.0,1571062249000,0,0
1622947288,1,破软件,网络没有问题 升级以后列表全都加载不出来 流氓,柠彩橙3,1.6.1,1495630429000,0,0
9242013203,1,批量收藏,请快点恢复批量收藏单词吧  背完再重新自己收藏真的太浪费时间了,李原味,6.24.1,1667256516000,0,0
6951743543,1,垃圾软件一个还不如百度翻译,句子词啥的都翻译不了真是服了,mmmmmfd554,6.6.0,1612423303000,1,1
4351265098,1,更新之后要重新购买Pro版是几个意思啊,之前已经购买过了，而且还是永久免费的，现在更新之后居然要重新购买？好生气！,YT_taeyeon_ss,5.4.0,1561184069000,0,0
10825025162,1,闪退,老是闪退。还有很多错误，没有人检查错误的吗？还动不动就改价格，付了更多的钱得到的服务却没有提升,377638,7.6.2,1705330373000,0,0
9180409728,1,有bug,现在搜索单词的时候，在进入某个单词的详情页的时候，可能会一片空白，而且怎么也无法显示。唯一的办法就是重启。希望能够赶快修复！！！,一个大学生的感想,6.23.0,1665671367000,0,0
9176086876,1,MOJi谢谢，再也不见。,"算是我从开始认真学日语、到去日本游学、到前阵子为止，一直以来的好伙伴。虽然我现在用很少了，但是现在不充pro已经连查词都做不到，那就再也不见了吧。
再次感谢一直以来的帮助。真是太可惜了。",ssstaring,6.23.0,1665558674000,0,0
5432938383,1,太差劲了,更新版本后我一直背的单词找不到了，真难用,1543335326,6.0.0,1579657699000,0,0
10046925735,1,单词朗读都能读错,真的惊呆了，买了个会员，选标日初级听单词；怎么还有读错的啊，完全读成别的词了；另外还有音调读错的；看样子还不少。,cxtxtxxyyct,6.33.1,1687099383000,1,1
8325833471,1,真的恶心,原本买了会员还能正常用，结果今天突然说还要买高级会员，咋的是不是之后还要搞个什么超前点播查词啊？连环套娃割韭菜是吧🤮🤮,Remiliaaaaaa,6.16.0,1644161171000,0,0
7445370621,1,现在根本用不了了,每查一个词就弹出要你订阅，完全无法使用,zjk8989123,6.8.1,1623253983000,0,1
7439412435,1,看人下菜,这软件还会识别手机品牌吗？不同手机买会员价格还不一样 苹果25。华为22。有的手机20。出来解释一下这是什么意思。想宰客？就不能统一价格？本来打算买会员的 知道这情况后连买的心情也没了。无语😓,看人呃呃,6.8.1,1623120778000,0,0
5464357619,1,我刚买完pro就更新成这样？,说实话新版本真的垃圾，以前的搜索记录都没了，还给我自动更新，页面繁杂多余，早知道这样还买什么pro,昼禾,6.0.2,1580352156000,0,0
9585156269,1,如果可以一星都不想给,付费后好一段时间没用，最近发现查什么都要再升pro会员？要饭毫无底线，会员费就当接济叫花子了。,我是施主啊,6.28.2,1675587306000,0,0
8057292462,1,已经失去了初心的软件,花里胡哨的功能，专业词典还收费。有些词还是用户创建的准确性 不高。,fvoyuf,6.13.1,1637740716000,0,0
7428808809,1,会员连手写服务都不能有吗？,开了会员还要搞订阅制服务，词库什么的我都不说了，会员用户连手写都不能拥有吗😅,思想控制愚拙,6.8.1,1622885761000,0,0
7000854499,1,买都买了，现在咋这样了,为什么我的软件里面的单词发音没有声音？,Plutosaid,6.7.0,1613478484000,1,1
5505963032,1,好好做词典,作为一个词典，我可以为老版本付费，但是新版本各种不爽，信息不集中，删了,FROZENQUALIA,6.0.6,1581209984000,1,1
8544268791,1,一直弹窗,一直弹窗要求修改个人资料 否则不予修改付费服务购买的收藏夹名字 无语,清吟是夏,6.17.2,1649406697000,0,0
5927626934,1,升级之后好难用，能不能revert回旧版,升级后查词效率很低，因为它要搜索好一会，后悔自己冲了40块钱，再不改进打算卸载了。（旧版就很好用了，新版真的是画蛇添足令人生厌）,龍谷大学,6.1.0,1589116402000,0,0
5467173946,1,更新之后都不知道怎么查了,花里胡哨，麻烦的要死,jdusbshudjf,6.0.2,1580410148000,0,0
9739160056,1,吃像难看,吃像太难看了吧， 现在更新后手写输入还要高级会员，之前基础会员基本没啥功能了都,hijk333,6.30.0,1679473155000,1,1
8404014303,1,各种bug！,明明已经开通了高级会员，收藏夹本来用得好好的，突然就无法编辑和修改了，还有个人信息、图片上传、短信发送，总是提示错误。,sasjaqjh,6.16.0,1646016174000,0,0
8087381814,1,运营很差,通过B站账号了解到这款软件，后来发现这个运营，喜欢制造矛盾，带节奏，虽然黑红也是红吧，真的不怕有一天被反噬嘛。。。,AILA ME,6.13.1,1638461485000,0,0
3059296364,1,不好,华而不实，我就想每天上班路上背背单词，这软件就是把简单的问题复杂化,uchiawase,3.2.0,1534174735000,0,0
9169698899,1,已经卸载,"首先，感谢陪伴多年
冲了一次会员，现在居然连最基础的功能都要收费，真离谱",她他自己wwwwwww,6.23.0,1665390538000,0,0
